Workbook

Sheet dashboard
A1: KPI | B1: Wert | D1: City | E1: Count
A2: Total Candidates | B2: =COUNTA(candidates!A2:A1000) -> 105 | D2: {=UNIQUE(candidates!C2:C1000)} -> Berlin | E2: =COUNTIF(candidates!C:C,D2) -> 2
A3: Average Age | B3: =AVERAGE(candidates!B2:B1000) -> 30.580952 | D3: Hamburg | E3: =COUNTIF(candidates!C:C,D3) -> 2
A4: Pflegekraft Candidates | B4: =COUNTIF(candidates!E2:E1000,"*Pflegekraft*") -> 15 | D4: München | E4: =COUNTIF(candidates!C:C,D4) -> 1
A5: Pflegehelfer Candidates | B5: =COUNTIF(candidates!E2:E1000,"*Pflegehelfer*") -> 17 | D5: Köln | E5: =COUNTIF(candidates!C:C,D5) -> 1
A6: Top City | D6: Frankfurt | E6: =COUNTIF(candidates!C:C,D6) -> 2
D7: Stuttgart | E7: =COUNTIF(candidates!C:C,D7) -> 2
D8: Düsseldorf | E8: =COUNTIF(candidates!C:C,D8) -> 1
D9: Leipzig | E9: =COUNTIF(candidates!C:C,D9) -> 2
D10: Dortmund | E10: =COUNTIF(candidates!C:C,D10) -> 2
D11: Bremen | E11: =COUNTIF(candidates!C:C,D11) -> 2
D12: Hannover | E12: =COUNTIF(candidates!C:C,D12) -> 2
D13: Nürnberg | E13: =COUNTIF(candidates!C:C,D13) -> 1
D14: Dresden | E14: =COUNTIF(candidates!C:C,D14) -> 2
D15: Essen | E15: =COUNTIF(candidates!C:C,D15) -> 2
D16: Bonn | E16: =COUNTIF(candidates!C:C,D16) -> 2
D17: Bochum | E17: =COUNTIF(candidates!C:C,D17) -> 2
D18: Wuppertal | E18: =COUNTIF(candidates!C:C,D18) -> 2
... D72: Solingen | E72: =COUNTIF(candidates!C:C,D72) -> 1

Sheet candidates
A1: name | B1: age | C1: city | D1: start_date | E1: message
A2: Anna Müller | B2: 28 | C2: Berlin | D2: 46174 | E2: Ich suche einen Pflegejob in Berlin ab Juni.
A3: David Schmidt | B3: 35 | C3: Hamburg | D3: 46157 | E3: Pflegehelfer mit Erfahrung sucht neue Stelle.
A4: Sarah Becker | B4: 24 | C4: München | D4: 46204 | E4: Ich interessiere mich für Pflegejobs in München.
A5: Laura Fischer | B5: 31 | C5: Köln | D5: 46183 | E5: Ich kann ab Mitte Juni anfangen.
A6: Michael Wagner | B6: 40 | C6: Frankfurt | D6: 46162 | E6: Pflegefachkraft mit 10 Jahren Erfahrung.
A7: Julia Hoffmann | B7: 27 | C7: Stuttgart | D7: 46178 | E7: Suche Vollzeitstelle im Pflegebereich.
A8: Daniel Weber | B8: 33 | C8: Düsseldorf | D8: 46218 | E8: Pflegeassistent sucht neue Herausforderung.
A9: Lisa Neumann | B9: 29 | C9: Leipzig | D9: 46174 | E9: Ich suche einen Job als Pflegekraft.
A10: Kevin Braun | B10: 26 | C10: Dortmund | D10: 46167 | E10: Interesse an Pflegejobs im Raum Dortmund.
A11: Sophie Richter | B11: 30 | C11: Bremen | D11: 46191 | E11: Pflegefachfrau mit Berufserfahrung.
A12: Thomas Klein | B12: 38 | C12: Hannover | D12: 46204 | E12: Suche neue Stelle in der Pflege.
A13: Marie Wolf | B13: 25 | C13: Nürnberg | D13: 46185 | E13: Ich möchte im Pflegebereich arbeiten.
... A106: Marc Heinrich | B106: 36 | C106: Heidelberg | D106: 46229 | E106: Pflegefachkraft mit Erfahrung sucht Job.
